{
    "model": "CD-Mamba",
    "timestamp": "2026-05-31 06:59:20",
    "threshold": 0.5,
    "per_fold": [
        {
            "fold": "fold_01",
            "checkpoint": "cdm_01_0.82835.pth",
            "n_patches": 7682,
            "TP": 337908020,
            "TN": 724829340,
            "FP": 46725711,
            "FN": 23293921,
            "accuracy": 0.9381865373645825,
            "precision": 0.8785189461191587,
            "recall": 0.9355099783364674,
            "f1": 0.9061192185434949,
            "iou": 0.8283528178178027
        },
        {
            "fold": "fold_04",
            "checkpoint": "cdm_04_0.86710.pth",
            "n_patches": 7661,
            "TP": 470621156,
            "TN": 586905555,
            "FP": 44295448,
            "FN": 27838257,
            "accuracy": 0.9361456735330983,
            "precision": 0.9139754910680643,
            "recall": 0.9441514067665927,
            "f1": 0.9288184160119672,
            "iou": 0.8670970816049495
        },
        {
            "fold": "fold_07",
            "checkpoint": "cdm_07_0.89102.pth",
            "n_patches": 7655,
            "TP": 425281094,
            "TN": 651479361,
            "FP": 30370026,
            "FN": 21645199,
            "accuracy": 0.9539188999890572,
            "precision": 0.9333480712172945,
            "recall": 0.9515687500623285,
            "f1": 0.9423703399140287,
            "iou": 0.891021105905491
        },
        {
            "fold": "fold_10",
            "checkpoint": "cdm_10_0.89449.pth",
            "n_patches": 7611,
            "TP": 547804586,
            "TN": 509864104,
            "FP": 22450839,
            "FN": 42168087,
            "accuracy": 0.9424221339710479,
            "precision": 0.9606302053154514,
            "recall": 0.9285253556142252,
            "f1": 0.9443049759690745,
            "iou": 0.8944865363039818
        }
    ],
    "overall": {
        "accuracy": 0.942663433174611,
        "precision": 0.9252946012480944,
        "recall": 0.9393926664035658,
        "f1": 0.9322903342483667,
        "iou": 0.8731684029078923,
        "TP": 1781614856,
        "TN": 2473078360,
        "FP": 143842024,
        "FN": 114945464
    }
}