{
    "model": "DVPNet",
    "dataset": "RICE2",
    "weights": "experiments/pretrained_models/pretrained_models/rice2/net_g_best.pth",
    "timestamp": "2026-05-17 03:18:01",
    "parameters": 9978372,
    "trainable_params": 9978372,
    "size_mb": 38.0645,
    "flops": 50322210816,
    "latency_ms": 39.504,
    "fps": 25.31,
    "gpu_memory_before_mb": 40.34,
    "gpu_memory_after_mb": 40.34,
    "gpu_memory_peak_mb": 605.09,
    "avg_power_w": 209.8464,
    "energy_per_inf_j": 8.28977403,
    "num_images": 736,
    "PSNR": 38.4526,
    "SSIM": 0.9209,
    "MAE": 0.012373,
    "MSE": 0.000545,
    "RMSE": 0.017424,
    "BRMSE": 0.017274,
    "SAM": 1.0383
}