{
    "model": "DVPNet",
    "dataset": "RICE1",
    "weights": "experiments/pretrained_models/pretrained_models/rice1/net_g_best.pth",
    "timestamp": "2026-05-16 21:00:06",
    "parameters": 9978372,
    "trainable_params": 9978372,
    "size_mb": 38.0645,
    "flops": 50322210816,
    "latency_ms": 41.9714,
    "fps": 23.83,
    "gpu_memory_before_mb": 40.34,
    "gpu_memory_after_mb": 40.34,
    "gpu_memory_peak_mb": 605.09,
    "avg_power_w": 191.9819,
    "energy_per_inf_j": 8.05774383,
    "num_images": 500,
    "PSNR": 38.1565,
    "SSIM": 0.9656,
    "MAE": 0.011458,
    "MSE": 0.000274,
    "RMSE": 0.014577,
    "BRMSE": 0.014535,
    "SAM": 0.8277
}