{
    "model": "CD-Mamba",
    "device": "Jetson Orin Nano",
    "timestamp": "2026-06-04 21:57:19",
    "threshold": 0.5,
    "per_fold": [
        {
            "fold": "fold_01",
            "checkpoint": "cdm_01_0.82835.pth",
            "n_patches": 7682,
            "TP": 337908206,
            "TN": 724829199,
            "FP": 46725852,
            "FN": 23293735,
            "accuracy": 0.938186577090667,
            "precision": 0.8785186828151343,
            "recall": 0.9355104932838664,
            "f1": 0.9061193250340817,
            "iou": 0.8283529874611902
        },
        {
            "fold": "fold_04",
            "checkpoint": "cdm_04_0.86710.pth",
            "n_patches": 7661,
            "TP": 470626177,
            "TN": 586897064,
            "FP": 44303939,
            "FN": 27833236,
            "accuracy": 0.9361426018135347,
            "precision": 0.9139612587739965,
            "recall": 0.9441614798033717,
            "f1": 0.9288159459559603,
            "iou": 0.8670927675308483
        },
        {
            "fold": "fold_07",
            "checkpoint": "cdm_07_0.89102.pth",
            "n_patches": 7655,
            "TP": 425281262,
            "TN": 651479222,
            "FP": 30370165,
            "FN": 21645031,
            "accuracy": 0.95391892568061,
            "precision": 0.9333478110669892,
            "recall": 0.951569125963238,
            "f1": 0.9423703966457315,
            "iou": 0.8910211984016022
        },
        {
            "fold": "fold_10",
            "checkpoint": "cdm_10_0.89449.pth",
            "n_patches": 7611,
            "TP": 547805307,
            "TN": 509863823,
            "FP": 22451120,
            "FN": 42167366,
            "accuracy": 0.9424225260274101,
            "precision": 0.9606297817315087,
            "recall": 0.928526577704727,
            "f1": 0.9443054083025499,
            "iou": 0.8944873031737355
        }
    ],
    "overall": {
        "accuracy": 0.9426627782476945,
        "precision": 0.9252904877826664,
        "recall": 0.9393958806435432,
        "f1": 0.9322898341937319,
        "iou": 0.8731675168510968,
        "TP": 1781620952,
        "TN": 2473069308,
        "FP": 143851076,
        "FN": 114939368
    }
}